N-bins,Total events
0.015,5.37015084416704
0.05,7.382657237454798
0.18,1.5160481231003098
0.31,0.4441497985563915
0.44,0.0
