N-bins,Total events
0.015,6.052328245316542
0.05,11.075959104003829
0.18,2.92498985830855
0.31,0.9966736034956686
0.44,0.0
